LayerName,NeuronIndex,Score
features.0,0,0
features.0,1,0
features.0,2,0
features.0,3,0
features.0,4,0
features.0,5,0
features.0,6,0
features.0,7,189
features.0,8,0
features.0,9,9837
features.0,10,0
features.0,11,0
features.0,12,0
features.0,13,0
features.0,14,0
features.0,15,0
features.0,16,0
features.0,17,0
features.0,18,0
features.0,19,0
features.0,20,0
features.0,21,0
features.0,22,7216
features.0,23,30
features.0,24,0
features.0,25,186
features.0,26,0
features.0,27,0
features.0,28,0
features.0,29,0
features.0,30,0
features.0,31,176
features.0,32,0
features.0,33,0
features.0,34,0
features.0,35,0
features.0,36,0
features.0,37,0
features.0,38,0
features.0,39,0
features.0,40,0
features.0,41,0
features.0,42,51
features.0,43,0
features.0,44,0
features.0,45,1666
features.0,46,0
features.0,47,0
features.0,48,0
features.0,49,0
features.0,50,1300
features.0,51,0
features.0,52,0
features.0,53,0
features.0,54,0
features.0,55,0
features.0,56,0
features.0,57,0
features.0,58,0
features.0,59,0
features.0,60,0
features.0,61,0
features.0,62,0
features.0,63,7955
features.3,0,0
features.3,1,1642
features.3,2,0
features.3,3,17
features.3,4,0
features.3,5,0
features.3,6,0
features.3,7,0
features.3,8,0
features.3,9,0
features.3,10,0
features.3,11,6
features.3,12,0
features.3,13,0
features.3,14,2187
features.3,15,6511
features.3,16,112
features.3,17,453
features.3,18,0
features.3,19,4874
features.3,20,183
features.3,21,310
features.3,22,0
features.3,23,3650
features.3,24,2
features.3,25,0
features.3,26,391
features.3,27,8366
features.3,28,0
features.3,29,3
features.3,30,7
features.3,31,0
features.3,32,821
features.3,33,389
features.3,34,0
features.3,35,5
features.3,36,598
features.3,37,1076
features.3,38,0
features.3,39,0
features.3,40,0
features.3,41,0
features.3,42,8104
features.3,43,0
features.3,44,2
features.3,45,1821
features.3,46,956
features.3,47,4063
features.3,48,0
features.3,49,0
features.3,50,10
features.3,51,2
features.3,52,62
features.3,53,2
features.3,54,0
features.3,55,0
features.3,56,0
features.3,57,891
features.3,58,0
features.3,59,305
features.3,60,73
features.3,61,62
features.3,62,0
features.3,63,0
features.7,0,0
features.7,1,0
features.7,2,0
features.7,3,0
features.7,4,0
features.7,5,0
features.7,6,0
features.7,7,0
features.7,8,0
features.7,9,0
features.7,10,0
features.7,11,0
features.7,12,0
features.7,13,0
features.7,14,0
features.7,15,0
features.7,16,3
features.7,17,0
features.7,18,0
features.7,19,0
features.7,20,0
features.7,21,0
features.7,22,0
features.7,23,0
features.7,24,0
features.7,25,0
features.7,26,0
features.7,27,0
features.7,28,0
features.7,29,0
features.7,30,0
features.7,31,0
features.7,32,0
features.7,33,0
features.7,34,0
features.7,35,0
features.7,36,0
features.7,37,0
features.7,38,0
features.7,39,0
features.7,40,0
features.7,41,0
features.7,42,0
features.7,43,0
features.7,44,0
features.7,45,0
features.7,46,0
features.7,47,0
features.7,48,0
features.7,49,0
features.7,50,0
features.7,51,0
features.7,52,0
features.7,53,0
features.7,54,0
features.7,55,0
features.7,56,0
features.7,57,0
features.7,58,0
features.7,59,0
features.7,60,0
features.7,61,0
features.7,62,0
features.7,63,0
features.7,64,0
features.7,65,0
features.7,66,0
features.7,67,0
features.7,68,0
features.7,69,0
features.7,70,0
features.7,71,1
features.7,72,0
features.7,73,10
features.7,74,0
features.7,75,0
features.7,76,0
features.7,77,0
features.7,78,0
features.7,79,0
features.7,80,0
features.7,81,0
features.7,82,0
features.7,83,0
features.7,84,0
features.7,85,0
features.7,86,0
features.7,87,0
features.7,88,0
features.7,89,0
features.7,90,0
features.7,91,0
features.7,92,0
features.7,93,0
features.7,94,0
features.7,95,0
features.7,96,0
features.7,97,0
features.7,98,0
features.7,99,0
features.7,100,0
features.7,101,0
features.7,102,0
features.7,103,0
features.7,104,0
features.7,105,0
features.7,106,0
features.7,107,0
features.7,108,0
features.7,109,0
features.7,110,0
features.7,111,0
features.7,112,0
features.7,113,0
features.7,114,0
features.7,115,0
features.7,116,0
features.7,117,0
features.7,118,0
features.7,119,0
features.7,120,15
features.7,121,0
features.7,122,0
features.7,123,0
features.7,124,0
features.7,125,0
features.7,126,0
features.7,127,0
features.10,0,2359
features.10,1,0
features.10,2,0
features.10,3,0
features.10,4,21
features.10,5,0
features.10,6,0
features.10,7,0
features.10,8,0
features.10,9,0
features.10,10,0
features.10,11,0
features.10,12,8
features.10,13,0
features.10,14,1
features.10,15,0
features.10,16,0
features.10,17,8
features.10,18,0
features.10,19,0
features.10,20,0
features.10,21,179
features.10,22,0
features.10,23,0
features.10,24,0
features.10,25,0
features.10,26,597
features.10,27,390
features.10,28,0
features.10,29,0
features.10,30,0
features.10,31,0
features.10,32,0
features.10,33,0
features.10,34,1
features.10,35,0
features.10,36,0
features.10,37,0
features.10,38,0
features.10,39,0
features.10,40,0
features.10,41,98
features.10,42,0
features.10,43,0
features.10,44,0
features.10,45,0
features.10,46,0
features.10,47,0
features.10,48,0
features.10,49,0
features.10,50,0
features.10,51,0
features.10,52,0
features.10,53,0
features.10,54,0
features.10,55,0
features.10,56,0
features.10,57,0
features.10,58,17
features.10,59,0
features.10,60,0
features.10,61,0
features.10,62,5
features.10,63,0
features.10,64,0
features.10,65,0
features.10,66,5
features.10,67,0
features.10,68,0
features.10,69,0
features.10,70,0
features.10,71,0
features.10,72,2
features.10,73,0
features.10,74,0
features.10,75,0
features.10,76,0
features.10,77,0
features.10,78,0
features.10,79,0
features.10,80,0
features.10,81,3
features.10,82,0
features.10,83,2
features.10,84,11
features.10,85,0
features.10,86,62
features.10,87,0
features.10,88,448
features.10,89,0
features.10,90,0
features.10,91,0
features.10,92,14
features.10,93,16
features.10,94,0
features.10,95,0
features.10,96,98
features.10,97,0
features.10,98,0
features.10,99,0
features.10,100,0
features.10,101,0
features.10,102,0
features.10,103,0
features.10,104,1
features.10,105,0
features.10,106,0
features.10,107,33
features.10,108,2
features.10,109,0
features.10,110,0
features.10,111,4
features.10,112,0
features.10,113,0
features.10,114,1588
features.10,115,66
features.10,116,0
features.10,117,0
features.10,118,15
features.10,119,0
features.10,120,0
features.10,121,0
features.10,122,0
features.10,123,0
features.10,124,1721
features.10,125,0
features.10,126,7
features.10,127,1
features.14,0,0
features.14,1,0
features.14,2,0
features.14,3,0
features.14,4,0
features.14,5,0
features.14,6,0
features.14,7,0
features.14,8,999
features.14,9,0
features.14,10,0
features.14,11,0
features.14,12,0
features.14,13,0
features.14,14,0
features.14,15,0
features.14,16,0
features.14,17,0
features.14,18,0
features.14,19,0
features.14,20,0
features.14,21,0
features.14,22,0
features.14,23,0
features.14,24,0
features.14,25,0
features.14,26,0
features.14,27,0
features.14,28,0
features.14,29,0
features.14,30,0
features.14,31,0
features.14,32,0
features.14,33,0
features.14,34,0
features.14,35,0
features.14,36,0
features.14,37,0
features.14,38,0
features.14,39,0
features.14,40,0
features.14,41,0
features.14,42,0
features.14,43,0
features.14,44,0
features.14,45,0
features.14,46,29
features.14,47,0
features.14,48,0
features.14,49,0
features.14,50,0
features.14,51,0
features.14,52,0
features.14,53,0
features.14,54,0
features.14,55,0
features.14,56,0
features.14,57,0
features.14,58,0
features.14,59,0
features.14,60,0
features.14,61,0
features.14,62,0
features.14,63,0
features.14,64,0
features.14,65,0
features.14,66,0
features.14,67,0
features.14,68,0
features.14,69,0
features.14,70,0
features.14,71,0
features.14,72,0
features.14,73,0
features.14,74,0
features.14,75,0
features.14,76,0
features.14,77,0
features.14,78,0
features.14,79,0
features.14,80,0
features.14,81,0
features.14,82,0
features.14,83,0
features.14,84,0
features.14,85,0
features.14,86,0
features.14,87,0
features.14,88,0
features.14,89,0
features.14,90,0
features.14,91,0
features.14,92,0
features.14,93,0
features.14,94,0
features.14,95,0
features.14,96,0
features.14,97,0
features.14,98,0
features.14,99,0
features.14,100,0
features.14,101,0
features.14,102,0
features.14,103,0
features.14,104,0
features.14,105,0
features.14,106,0
features.14,107,43
features.14,108,0
features.14,109,0
features.14,110,0
features.14,111,0
features.14,112,0
features.14,113,0
features.14,114,0
features.14,115,0
features.14,116,0
features.14,117,0
features.14,118,0
features.14,119,0
features.14,120,0
features.14,121,0
features.14,122,0
features.14,123,0
features.14,124,0
features.14,125,0
features.14,126,0
features.14,127,0
features.14,128,0
features.14,129,0
features.14,130,0
features.14,131,0
features.14,132,0
features.14,133,0
features.14,134,0
features.14,135,0
features.14,136,0
features.14,137,0
features.14,138,0
features.14,139,0
features.14,140,0
features.14,141,0
features.14,142,0
features.14,143,0
features.14,144,0
features.14,145,0
features.14,146,0
features.14,147,0
features.14,148,0
features.14,149,0
features.14,150,0
features.14,151,0
features.14,152,0
features.14,153,0
features.14,154,0
features.14,155,0
features.14,156,0
features.14,157,0
features.14,158,0
features.14,159,0
features.14,160,281
features.14,161,0
features.14,162,0
features.14,163,0
features.14,164,0
features.14,165,0
features.14,166,0
features.14,167,0
features.14,168,0
features.14,169,0
features.14,170,0
features.14,171,1
features.14,172,0
features.14,173,0
features.14,174,0
features.14,175,0
features.14,176,0
features.14,177,0
features.14,178,0
features.14,179,0
features.14,180,0
features.14,181,0
features.14,182,0
features.14,183,0
features.14,184,0
features.14,185,0
features.14,186,0
features.14,187,0
features.14,188,0
features.14,189,0
features.14,190,0
features.14,191,0
features.14,192,0
features.14,193,0
features.14,194,0
features.14,195,0
features.14,196,0
features.14,197,0
features.14,198,0
features.14,199,0
features.14,200,0
features.14,201,0
features.14,202,0
features.14,203,0
features.14,204,0
features.14,205,0
features.14,206,0
features.14,207,0
features.14,208,0
features.14,209,0
features.14,210,0
features.14,211,0
features.14,212,20
features.14,213,0
features.14,214,0
features.14,215,0
features.14,216,0
features.14,217,0
features.14,218,0
features.14,219,0
features.14,220,0
features.14,221,0
features.14,222,0
features.14,223,0
features.14,224,0
features.14,225,0
features.14,226,0
features.14,227,0
features.14,228,0
features.14,229,0
features.14,230,0
features.14,231,0
features.14,232,0
features.14,233,0
features.14,234,0
features.14,235,0
features.14,236,0
features.14,237,0
features.14,238,0
features.14,239,0
features.14,240,0
features.14,241,0
features.14,242,0
features.14,243,0
features.14,244,0
features.14,245,0
features.14,246,0
features.14,247,0
features.14,248,0
features.14,249,0
features.14,250,0
features.14,251,0
features.14,252,0
features.14,253,0
features.14,254,0
features.14,255,0
features.17,0,0
features.17,1,0
features.17,2,0
features.17,3,0
features.17,4,0
features.17,5,0
features.17,6,0
features.17,7,0
features.17,8,0
features.17,9,0
features.17,10,0
features.17,11,0
features.17,12,0
features.17,13,0
features.17,14,0
features.17,15,0
features.17,16,0
features.17,17,0
features.17,18,0
features.17,19,0
features.17,20,0
features.17,21,0
features.17,22,0
features.17,23,0
features.17,24,0
features.17,25,0
features.17,26,0
features.17,27,0
features.17,28,0
features.17,29,0
features.17,30,0
features.17,31,0
features.17,32,0
features.17,33,0
features.17,34,0
features.17,35,0
features.17,36,0
features.17,37,0
features.17,38,0
features.17,39,0
features.17,40,0
features.17,41,0
features.17,42,0
features.17,43,0
features.17,44,0
features.17,45,0
features.17,46,0
features.17,47,0
features.17,48,0
features.17,49,0
features.17,50,0
features.17,51,0
features.17,52,0
features.17,53,0
features.17,54,0
features.17,55,0
features.17,56,0
features.17,57,0
features.17,58,0
features.17,59,0
features.17,60,0
features.17,61,0
features.17,62,0
features.17,63,0
features.17,64,0
features.17,65,0
features.17,66,0
features.17,67,0
features.17,68,0
features.17,69,0
features.17,70,0
features.17,71,0
features.17,72,0
features.17,73,0
features.17,74,0
features.17,75,0
features.17,76,0
features.17,77,0
features.17,78,0
features.17,79,0
features.17,80,0
features.17,81,0
features.17,82,0
features.17,83,0
features.17,84,0
features.17,85,0
features.17,86,0
features.17,87,0
features.17,88,0
features.17,89,0
features.17,90,0
features.17,91,0
features.17,92,0
features.17,93,0
features.17,94,0
features.17,95,0
features.17,96,0
features.17,97,0
features.17,98,0
features.17,99,0
features.17,100,0
features.17,101,0
features.17,102,0
features.17,103,0
features.17,104,0
features.17,105,0
features.17,106,0
features.17,107,0
features.17,108,0
features.17,109,0
features.17,110,0
features.17,111,0
features.17,112,0
features.17,113,0
features.17,114,0
features.17,115,0
features.17,116,0
features.17,117,0
features.17,118,0
features.17,119,0
features.17,120,0
features.17,121,0
features.17,122,0
features.17,123,0
features.17,124,0
features.17,125,0
features.17,126,0
features.17,127,0
features.17,128,0
features.17,129,0
features.17,130,0
features.17,131,0
features.17,132,0
features.17,133,0
features.17,134,0
features.17,135,0
features.17,136,9
features.17,137,0
features.17,138,0
features.17,139,0
features.17,140,0
features.17,141,0
features.17,142,0
features.17,143,0
features.17,144,0
features.17,145,0
features.17,146,0
features.17,147,0
features.17,148,0
features.17,149,0
features.17,150,0
features.17,151,0
features.17,152,0
features.17,153,21
features.17,154,0
features.17,155,0
features.17,156,0
features.17,157,0
features.17,158,0
features.17,159,0
features.17,160,0
features.17,161,0
features.17,162,0
features.17,163,0
features.17,164,0
features.17,165,0
features.17,166,0
features.17,167,0
features.17,168,0
features.17,169,0
features.17,170,0
features.17,171,0
features.17,172,0
features.17,173,0
features.17,174,0
features.17,175,0
features.17,176,0
features.17,177,0
features.17,178,0
features.17,179,0
features.17,180,0
features.17,181,0
features.17,182,0
features.17,183,0
features.17,184,0
features.17,185,0
features.17,186,0
features.17,187,0
features.17,188,0
features.17,189,0
features.17,190,0
features.17,191,0
features.17,192,0
features.17,193,0
features.17,194,0
features.17,195,0
features.17,196,0
features.17,197,0
features.17,198,0
features.17,199,0
features.17,200,0
features.17,201,0
features.17,202,0
features.17,203,0
features.17,204,0
features.17,205,0
features.17,206,0
features.17,207,0
features.17,208,0
features.17,209,0
features.17,210,0
features.17,211,0
features.17,212,0
features.17,213,0
features.17,214,0
features.17,215,0
features.17,216,0
features.17,217,0
features.17,218,0
features.17,219,0
features.17,220,0
features.17,221,0
features.17,222,0
features.17,223,0
features.17,224,41
features.17,225,0
features.17,226,0
features.17,227,0
features.17,228,0
features.17,229,0
features.17,230,0
features.17,231,0
features.17,232,0
features.17,233,0
features.17,234,0
features.17,235,0
features.17,236,0
features.17,237,0
features.17,238,0
features.17,239,0
features.17,240,0
features.17,241,0
features.17,242,0
features.17,243,0
features.17,244,0
features.17,245,0
features.17,246,0
features.17,247,0
features.17,248,0
features.17,249,0
features.17,250,0
features.17,251,0
features.17,252,0
features.17,253,0
features.17,254,0
features.17,255,0
features.20,0,0
features.20,1,0
features.20,2,0
features.20,3,0
features.20,4,0
features.20,5,0
features.20,6,0
features.20,7,0
features.20,8,0
features.20,9,0
features.20,10,0
features.20,11,0
features.20,12,0
features.20,13,0
features.20,14,0
features.20,15,0
features.20,16,0
features.20,17,0
features.20,18,0
features.20,19,0
features.20,20,0
features.20,21,0
features.20,22,0
features.20,23,0
features.20,24,0
features.20,25,0
features.20,26,0
features.20,27,0
features.20,28,0
features.20,29,0
features.20,30,0
features.20,31,0
features.20,32,0
features.20,33,0
features.20,34,0
features.20,35,0
features.20,36,0
features.20,37,0
features.20,38,0
features.20,39,0
features.20,40,0
features.20,41,0
features.20,42,0
features.20,43,0
features.20,44,0
features.20,45,0
features.20,46,0
features.20,47,0
features.20,48,0
features.20,49,0
features.20,50,0
features.20,51,0
features.20,52,0
features.20,53,0
features.20,54,0
features.20,55,0
features.20,56,0
features.20,57,0
features.20,58,0
features.20,59,0
features.20,60,0
features.20,61,0
features.20,62,0
features.20,63,0
features.20,64,0
features.20,65,0
features.20,66,0
features.20,67,0
features.20,68,0
features.20,69,0
features.20,70,0
features.20,71,0
features.20,72,0
features.20,73,0
features.20,74,0
features.20,75,0
features.20,76,0
features.20,77,0
features.20,78,0
features.20,79,0
features.20,80,0
features.20,81,0
features.20,82,0
features.20,83,0
features.20,84,0
features.20,85,0
features.20,86,0
features.20,87,0
features.20,88,0
features.20,89,0
features.20,90,0
features.20,91,0
features.20,92,0
features.20,93,0
features.20,94,0
features.20,95,0
features.20,96,0
features.20,97,0
features.20,98,0
features.20,99,0
features.20,100,0
features.20,101,0
features.20,102,0
features.20,103,0
features.20,104,0
features.20,105,0
features.20,106,0
features.20,107,0
features.20,108,0
features.20,109,0
features.20,110,0
features.20,111,0
features.20,112,0
features.20,113,0
features.20,114,0
features.20,115,0
features.20,116,0
features.20,117,0
features.20,118,0
features.20,119,0
features.20,120,0
features.20,121,0
features.20,122,0
features.20,123,0
features.20,124,0
features.20,125,0
features.20,126,0
features.20,127,0
features.20,128,0
features.20,129,0
features.20,130,0
features.20,131,0
features.20,132,0
features.20,133,0
features.20,134,0
features.20,135,0
features.20,136,0
features.20,137,0
features.20,138,0
features.20,139,0
features.20,140,0
features.20,141,0
features.20,142,0
features.20,143,0
features.20,144,0
features.20,145,0
features.20,146,0
features.20,147,0
features.20,148,0
features.20,149,0
features.20,150,0
features.20,151,0
features.20,152,0
features.20,153,0
features.20,154,0
features.20,155,0
features.20,156,0
features.20,157,0
features.20,158,0
features.20,159,0
features.20,160,0
features.20,161,0
features.20,162,0
features.20,163,0
features.20,164,0
features.20,165,0
features.20,166,0
features.20,167,0
features.20,168,0
features.20,169,0
features.20,170,0
features.20,171,0
features.20,172,0
features.20,173,0
features.20,174,0
features.20,175,0
features.20,176,0
features.20,177,0
features.20,178,0
features.20,179,0
features.20,180,0
features.20,181,0
features.20,182,0
features.20,183,0
features.20,184,0
features.20,185,0
features.20,186,0
features.20,187,0
features.20,188,0
features.20,189,0
features.20,190,0
features.20,191,0
features.20,192,0
features.20,193,0
features.20,194,0
features.20,195,0
features.20,196,0
features.20,197,0
features.20,198,0
features.20,199,0
features.20,200,0
features.20,201,0
features.20,202,0
features.20,203,0
features.20,204,0
features.20,205,0
features.20,206,0
features.20,207,0
features.20,208,0
features.20,209,0
features.20,210,0
features.20,211,0
features.20,212,0
features.20,213,0
features.20,214,0
features.20,215,0
features.20,216,0
features.20,217,0
features.20,218,0
features.20,219,0
features.20,220,0
features.20,221,0
features.20,222,0
features.20,223,0
features.20,224,0
features.20,225,0
features.20,226,0
features.20,227,0
features.20,228,0
features.20,229,0
features.20,230,0
features.20,231,0
features.20,232,0
features.20,233,0
features.20,234,0
features.20,235,127
features.20,236,0
features.20,237,0
features.20,238,0
features.20,239,0
features.20,240,0
features.20,241,0
features.20,242,0
features.20,243,0
features.20,244,0
features.20,245,0
features.20,246,0
features.20,247,0
features.20,248,10
features.20,249,0
features.20,250,0
features.20,251,0
features.20,252,0
features.20,253,0
features.20,254,0
features.20,255,0
features.24,0,0
features.24,1,0
features.24,2,0
features.24,3,0
features.24,4,0
features.24,5,0
features.24,6,0
features.24,7,0
features.24,8,0
features.24,9,0
features.24,10,0
features.24,11,0
features.24,12,0
features.24,13,0
features.24,14,0
features.24,15,0
features.24,16,0
features.24,17,0
features.24,18,0
features.24,19,0
features.24,20,0
features.24,21,0
features.24,22,0
features.24,23,0
features.24,24,0
features.24,25,0
features.24,26,0
features.24,27,0
features.24,28,0
features.24,29,0
features.24,30,0
features.24,31,0
features.24,32,0
features.24,33,0
features.24,34,0
features.24,35,0
features.24,36,0
features.24,37,0
features.24,38,0
features.24,39,0
features.24,40,0
features.24,41,0
features.24,42,0
features.24,43,0
features.24,44,0
features.24,45,0
features.24,46,0
features.24,47,0
features.24,48,0
features.24,49,0
features.24,50,0
features.24,51,0
features.24,52,0
features.24,53,0
features.24,54,0
features.24,55,0
features.24,56,0
features.24,57,0
features.24,58,0
features.24,59,0
features.24,60,0
features.24,61,0
features.24,62,0
features.24,63,0
features.24,64,0
features.24,65,0
features.24,66,0
features.24,67,0
features.24,68,0
features.24,69,0
features.24,70,0
features.24,71,0
features.24,72,0
features.24,73,0
features.24,74,0
features.24,75,0
features.24,76,0
features.24,77,0
features.24,78,0
features.24,79,0
features.24,80,0
features.24,81,0
features.24,82,0
features.24,83,0
features.24,84,0
features.24,85,0
features.24,86,0
features.24,87,0
features.24,88,0
features.24,89,0
features.24,90,0
features.24,91,0
features.24,92,0
features.24,93,0
features.24,94,0
features.24,95,0
features.24,96,0
features.24,97,0
features.24,98,0
features.24,99,0
features.24,100,0
features.24,101,0
features.24,102,0
features.24,103,0
features.24,104,0
features.24,105,0
features.24,106,0
features.24,107,0
features.24,108,0
features.24,109,0
features.24,110,0
features.24,111,0
features.24,112,0
features.24,113,0
features.24,114,0
features.24,115,0
features.24,116,0
features.24,117,0
features.24,118,0
features.24,119,0
features.24,120,0
features.24,121,0
features.24,122,0
features.24,123,0
features.24,124,0
features.24,125,0
features.24,126,0
features.24,127,0
features.24,128,0
features.24,129,0
features.24,130,0
features.24,131,0
features.24,132,0
features.24,133,0
features.24,134,0
features.24,135,0
features.24,136,0
features.24,137,0
features.24,138,0
features.24,139,0
features.24,140,0
features.24,141,0
features.24,142,0
features.24,143,0
features.24,144,0
features.24,145,0
features.24,146,0
features.24,147,0
features.24,148,0
features.24,149,0
features.24,150,0
features.24,151,0
features.24,152,0
features.24,153,0
features.24,154,0
features.24,155,0
features.24,156,0
features.24,157,0
features.24,158,0
features.24,159,0
features.24,160,0
features.24,161,0
features.24,162,0
features.24,163,0
features.24,164,0
features.24,165,0
features.24,166,0
features.24,167,0
features.24,168,0
features.24,169,0
features.24,170,0
features.24,171,0
features.24,172,0
features.24,173,0
features.24,174,0
features.24,175,0
features.24,176,0
features.24,177,0
features.24,178,0
features.24,179,0
features.24,180,0
features.24,181,0
features.24,182,0
features.24,183,0
features.24,184,0
features.24,185,0
features.24,186,0
features.24,187,0
features.24,188,0
features.24,189,0
features.24,190,0
features.24,191,0
features.24,192,0
features.24,193,0
features.24,194,0
features.24,195,0
features.24,196,0
features.24,197,0
features.24,198,0
features.24,199,0
features.24,200,0
features.24,201,0
features.24,202,0
features.24,203,0
features.24,204,0
features.24,205,0
features.24,206,0
features.24,207,0
features.24,208,0
features.24,209,0
features.24,210,0
features.24,211,0
features.24,212,0
features.24,213,0
features.24,214,0
features.24,215,0
features.24,216,0
features.24,217,0
features.24,218,0
features.24,219,0
features.24,220,0
features.24,221,0
features.24,222,0
features.24,223,0
features.24,224,0
features.24,225,0
features.24,226,0
features.24,227,0
features.24,228,0
features.24,229,0
features.24,230,0
features.24,231,0
features.24,232,0
features.24,233,0
features.24,234,0
features.24,235,0
features.24,236,0
features.24,237,0
features.24,238,0
features.24,239,0
features.24,240,0
features.24,241,0
features.24,242,0
features.24,243,0
features.24,244,0
features.24,245,0
features.24,246,0
features.24,247,0
features.24,248,0
features.24,249,0
features.24,250,0
features.24,251,0
features.24,252,0
features.24,253,0
features.24,254,0
features.24,255,0
features.24,256,0
features.24,257,0
features.24,258,0
features.24,259,0
features.24,260,0
features.24,261,0
features.24,262,0
features.24,263,0
features.24,264,0
features.24,265,0
features.24,266,0
features.24,267,0
features.24,268,0
features.24,269,0
features.24,270,0
features.24,271,0
features.24,272,0
features.24,273,0
features.24,274,0
features.24,275,0
features.24,276,0
features.24,277,0
features.24,278,0
features.24,279,0
features.24,280,0
features.24,281,0
features.24,282,0
features.24,283,0
features.24,284,0
features.24,285,0
features.24,286,0
features.24,287,0
features.24,288,0
features.24,289,0
features.24,290,0
features.24,291,0
features.24,292,0
features.24,293,0
features.24,294,0
features.24,295,0
features.24,296,0
features.24,297,0
features.24,298,0
features.24,299,0
features.24,300,0
features.24,301,0
features.24,302,0
features.24,303,0
features.24,304,0
features.24,305,0
features.24,306,0
features.24,307,0
features.24,308,0
features.24,309,0
features.24,310,0
features.24,311,0
features.24,312,0
features.24,313,0
features.24,314,0
features.24,315,0
features.24,316,0
features.24,317,0
features.24,318,0
features.24,319,0
features.24,320,0
features.24,321,0
features.24,322,0
features.24,323,0
features.24,324,0
features.24,325,0
features.24,326,0
features.24,327,0
features.24,328,0
features.24,329,0
features.24,330,0
features.24,331,0
features.24,332,0
features.24,333,0
features.24,334,0
features.24,335,0
features.24,336,0
features.24,337,0
features.24,338,0
features.24,339,0
features.24,340,0
features.24,341,0
features.24,342,0
features.24,343,0
features.24,344,0
features.24,345,0
features.24,346,0
features.24,347,0
features.24,348,0
features.24,349,0
features.24,350,0
features.24,351,0
features.24,352,0
features.24,353,0
features.24,354,0
features.24,355,0
features.24,356,0
features.24,357,0
features.24,358,0
features.24,359,0
features.24,360,0
features.24,361,0
features.24,362,0
features.24,363,0
features.24,364,0
features.24,365,0
features.24,366,0
features.24,367,0
features.24,368,0
features.24,369,0
features.24,370,0
features.24,371,0
features.24,372,0
features.24,373,0
features.24,374,0
features.24,375,0
features.24,376,0
features.24,377,0
features.24,378,0
features.24,379,0
features.24,380,0
features.24,381,0
features.24,382,0
features.24,383,0
features.24,384,0
features.24,385,0
features.24,386,0
features.24,387,0
features.24,388,0
features.24,389,0
features.24,390,0
features.24,391,0
features.24,392,0
features.24,393,0
features.24,394,0
features.24,395,0
features.24,396,0
features.24,397,0
features.24,398,0
features.24,399,0
features.24,400,0
features.24,401,0
features.24,402,0
features.24,403,0
features.24,404,0
features.24,405,0
features.24,406,0
features.24,407,0
features.24,408,0
features.24,409,0
features.24,410,0
features.24,411,0
features.24,412,0
features.24,413,0
features.24,414,0
features.24,415,0
features.24,416,0
features.24,417,0
features.24,418,0
features.24,419,0
features.24,420,0
features.24,421,0
features.24,422,0
features.24,423,0
features.24,424,0
features.24,425,0
features.24,426,0
features.24,427,0
features.24,428,0
features.24,429,0
features.24,430,0
features.24,431,0
features.24,432,0
features.24,433,0
features.24,434,0
features.24,435,0
features.24,436,0
features.24,437,0
features.24,438,0
features.24,439,0
features.24,440,0
features.24,441,0
features.24,442,0
features.24,443,0
features.24,444,0
features.24,445,0
features.24,446,0
features.24,447,0
features.24,448,0
features.24,449,0
features.24,450,0
features.24,451,0
features.24,452,0
features.24,453,0
features.24,454,0
features.24,455,0
features.24,456,0
features.24,457,0
features.24,458,0
features.24,459,0
features.24,460,0
features.24,461,0
features.24,462,0
features.24,463,0
features.24,464,0
features.24,465,0
features.24,466,0
features.24,467,0
features.24,468,0
features.24,469,0
features.24,470,0
features.24,471,0
features.24,472,0
features.24,473,0
features.24,474,0
features.24,475,0
features.24,476,0
features.24,477,0
features.24,478,0
features.24,479,0
features.24,480,0
features.24,481,0
features.24,482,0
features.24,483,0
features.24,484,0
features.24,485,0
features.24,486,0
features.24,487,0
features.24,488,0
features.24,489,0
features.24,490,0
features.24,491,0
features.24,492,0
features.24,493,0
features.24,494,0
features.24,495,0
features.24,496,0
features.24,497,0
features.24,498,0
features.24,499,0
features.24,500,0
features.24,501,0
features.24,502,0
features.24,503,0
features.24,504,0
features.24,505,0
features.24,506,0
features.24,507,0
features.24,508,0
features.24,509,0
features.24,510,0
features.24,511,0
features.27,0,0
features.27,1,0
features.27,2,0
features.27,3,0
features.27,4,0
features.27,5,0
features.27,6,0
features.27,7,0
features.27,8,0
features.27,9,0
features.27,10,0
features.27,11,0
features.27,12,0
features.27,13,0
features.27,14,0
features.27,15,0
features.27,16,0
features.27,17,0
features.27,18,0
features.27,19,0
features.27,20,0
features.27,21,0
features.27,22,0
features.27,23,0
features.27,24,0
features.27,25,0
features.27,26,0
features.27,27,0
features.27,28,0
features.27,29,0
features.27,30,0
features.27,31,0
features.27,32,0
features.27,33,0
features.27,34,0
features.27,35,0
features.27,36,0
features.27,37,0
features.27,38,0
features.27,39,0
features.27,40,0
features.27,41,0
features.27,42,0
features.27,43,0
features.27,44,0
features.27,45,0
features.27,46,0
features.27,47,0
features.27,48,0
features.27,49,0
features.27,50,0
features.27,51,0
features.27,52,0
features.27,53,0
features.27,54,0
features.27,55,0
features.27,56,0
features.27,57,0
features.27,58,0
features.27,59,0
features.27,60,0
features.27,61,0
features.27,62,0
features.27,63,0
features.27,64,0
features.27,65,0
features.27,66,0
features.27,67,0
features.27,68,0
features.27,69,0
features.27,70,0
features.27,71,0
features.27,72,0
features.27,73,0
features.27,74,0
features.27,75,0
features.27,76,0
features.27,77,0
features.27,78,0
features.27,79,0
features.27,80,0
features.27,81,0
features.27,82,0
features.27,83,0
features.27,84,0
features.27,85,0
features.27,86,0
features.27,87,0
features.27,88,0
features.27,89,0
features.27,90,0
features.27,91,0
features.27,92,0
features.27,93,0
features.27,94,0
features.27,95,0
features.27,96,0
features.27,97,0
features.27,98,0
features.27,99,0
features.27,100,0
features.27,101,0
features.27,102,0
features.27,103,0
features.27,104,0
features.27,105,0
features.27,106,0
features.27,107,0
features.27,108,0
features.27,109,0
features.27,110,0
features.27,111,0
features.27,112,0
features.27,113,0
features.27,114,0
features.27,115,0
features.27,116,0
features.27,117,0
features.27,118,0
features.27,119,0
features.27,120,0
features.27,121,0
features.27,122,0
features.27,123,0
features.27,124,0
features.27,125,0
features.27,126,0
features.27,127,0
features.27,128,0
features.27,129,0
features.27,130,0
features.27,131,0
features.27,132,0
features.27,133,0
features.27,134,0
features.27,135,0
features.27,136,0
features.27,137,0
features.27,138,0
features.27,139,0
features.27,140,0
features.27,141,0
features.27,142,0
features.27,143,0
features.27,144,0
features.27,145,0
features.27,146,0
features.27,147,0
features.27,148,0
features.27,149,0
features.27,150,0
features.27,151,0
features.27,152,0
features.27,153,0
features.27,154,0
features.27,155,0
features.27,156,0
features.27,157,0
features.27,158,0
features.27,159,0
features.27,160,0
features.27,161,0
features.27,162,0
features.27,163,0
features.27,164,0
features.27,165,0
features.27,166,0
features.27,167,0
features.27,168,0
features.27,169,0
features.27,170,0
features.27,171,0
features.27,172,0
features.27,173,0
features.27,174,0
features.27,175,0
features.27,176,0
features.27,177,0
features.27,178,0
features.27,179,0
features.27,180,0
features.27,181,0
features.27,182,0
features.27,183,0
features.27,184,0
features.27,185,0
features.27,186,0
features.27,187,0
features.27,188,0
features.27,189,0
features.27,190,0
features.27,191,0
features.27,192,0
features.27,193,0
features.27,194,0
features.27,195,0
features.27,196,0
features.27,197,0
features.27,198,0
features.27,199,0
features.27,200,0
features.27,201,0
features.27,202,0
features.27,203,0
features.27,204,0
features.27,205,0
features.27,206,0
features.27,207,0
features.27,208,0
features.27,209,0
features.27,210,0
features.27,211,0
features.27,212,0
features.27,213,0
features.27,214,0
features.27,215,0
features.27,216,0
features.27,217,0
features.27,218,0
features.27,219,0
features.27,220,0
features.27,221,0
features.27,222,0
features.27,223,0
features.27,224,0
features.27,225,0
features.27,226,0
features.27,227,0
features.27,228,0
features.27,229,0
features.27,230,0
features.27,231,0
features.27,232,0
features.27,233,0
features.27,234,0
features.27,235,0
features.27,236,0
features.27,237,0
features.27,238,0
features.27,239,0
features.27,240,0
features.27,241,0
features.27,242,0
features.27,243,0
features.27,244,0
features.27,245,0
features.27,246,0
features.27,247,0
features.27,248,0
features.27,249,0
features.27,250,0
features.27,251,0
features.27,252,0
features.27,253,0
features.27,254,0
features.27,255,0
features.27,256,0
features.27,257,0
features.27,258,0
features.27,259,0
features.27,260,0
features.27,261,0
features.27,262,0
features.27,263,0
features.27,264,0
features.27,265,0
features.27,266,0
features.27,267,0
features.27,268,0
features.27,269,0
features.27,270,0
features.27,271,0
features.27,272,0
features.27,273,0
features.27,274,0
features.27,275,0
features.27,276,0
features.27,277,0
features.27,278,0
features.27,279,0
features.27,280,0
features.27,281,0
features.27,282,0
features.27,283,0
features.27,284,0
features.27,285,0
features.27,286,0
features.27,287,0
features.27,288,0
features.27,289,0
features.27,290,0
features.27,291,0
features.27,292,0
features.27,293,0
features.27,294,0
features.27,295,0
features.27,296,0
features.27,297,0
features.27,298,0
features.27,299,0
features.27,300,0
features.27,301,0
features.27,302,0
features.27,303,0
features.27,304,0
features.27,305,0
features.27,306,0
features.27,307,0
features.27,308,0
features.27,309,0
features.27,310,0
features.27,311,0
features.27,312,0
features.27,313,0
features.27,314,0
features.27,315,0
features.27,316,0
features.27,317,0
features.27,318,0
features.27,319,0
features.27,320,0
features.27,321,0
features.27,322,0
features.27,323,0
features.27,324,0
features.27,325,0
features.27,326,0
features.27,327,0
features.27,328,0
features.27,329,0
features.27,330,0
features.27,331,0
features.27,332,0
features.27,333,0
features.27,334,0
features.27,335,0
features.27,336,0
features.27,337,0
features.27,338,0
features.27,339,0
features.27,340,0
features.27,341,0
features.27,342,0
features.27,343,0
features.27,344,0
features.27,345,0
features.27,346,0
features.27,347,0
features.27,348,0
features.27,349,0
features.27,350,0
features.27,351,0
features.27,352,0
features.27,353,0
features.27,354,0
features.27,355,0
features.27,356,0
features.27,357,0
features.27,358,0
features.27,359,0
features.27,360,0
features.27,361,0
features.27,362,0
features.27,363,0
features.27,364,0
features.27,365,0
features.27,366,0
features.27,367,0
features.27,368,0
features.27,369,0
features.27,370,0
features.27,371,0
features.27,372,0
features.27,373,0
features.27,374,0
features.27,375,0
features.27,376,0
features.27,377,0
features.27,378,0
features.27,379,0
features.27,380,0
features.27,381,0
features.27,382,0
features.27,383,0
features.27,384,0
features.27,385,0
features.27,386,0
features.27,387,0
features.27,388,0
features.27,389,0
features.27,390,0
features.27,391,0
features.27,392,0
features.27,393,0
features.27,394,0
features.27,395,0
features.27,396,0
features.27,397,0
features.27,398,0
features.27,399,0
features.27,400,0
features.27,401,0
features.27,402,0
features.27,403,0
features.27,404,0
features.27,405,0
features.27,406,0
features.27,407,0
features.27,408,0
features.27,409,0
features.27,410,0
features.27,411,0
features.27,412,0
features.27,413,0
features.27,414,0
features.27,415,0
features.27,416,0
features.27,417,0
features.27,418,0
features.27,419,0
features.27,420,0
features.27,421,0
features.27,422,0
features.27,423,0
features.27,424,0
features.27,425,0
features.27,426,0
features.27,427,0
features.27,428,0
features.27,429,0
features.27,430,0
features.27,431,0
features.27,432,0
features.27,433,0
features.27,434,0
features.27,435,0
features.27,436,0
features.27,437,0
features.27,438,0
features.27,439,0
features.27,440,0
features.27,441,0
features.27,442,0
features.27,443,0
features.27,444,0
features.27,445,0
features.27,446,0
features.27,447,0
features.27,448,0
features.27,449,0
features.27,450,0
features.27,451,0
features.27,452,0
features.27,453,0
features.27,454,0
features.27,455,0
features.27,456,0
features.27,457,0
features.27,458,0
features.27,459,0
features.27,460,0
features.27,461,0
features.27,462,0
features.27,463,0
features.27,464,0
features.27,465,0
features.27,466,0
features.27,467,0
features.27,468,0
features.27,469,0
features.27,470,0
features.27,471,0
features.27,472,0
features.27,473,0
features.27,474,0
features.27,475,0
features.27,476,0
features.27,477,0
features.27,478,0
features.27,479,0
features.27,480,0
features.27,481,0
features.27,482,0
features.27,483,0
features.27,484,0
features.27,485,0
features.27,486,0
features.27,487,0
features.27,488,0
features.27,489,0
features.27,490,0
features.27,491,0
features.27,492,0
features.27,493,0
features.27,494,0
features.27,495,0
features.27,496,0
features.27,497,0
features.27,498,0
features.27,499,0
features.27,500,0
features.27,501,0
features.27,502,0
features.27,503,0
features.27,504,0
features.27,505,0
features.27,506,0
features.27,507,0
features.27,508,0
features.27,509,0
features.27,510,0
features.27,511,0
features.30,0,0
features.30,1,0
features.30,2,0
features.30,3,0
features.30,4,0
features.30,5,0
features.30,6,0
features.30,7,0
features.30,8,0
features.30,9,0
features.30,10,0
features.30,11,0
features.30,12,0
features.30,13,0
features.30,14,0
features.30,15,0
features.30,16,0
features.30,17,0
features.30,18,0
features.30,19,0
features.30,20,0
features.30,21,0
features.30,22,0
features.30,23,0
features.30,24,0
features.30,25,0
features.30,26,0
features.30,27,0
features.30,28,0
features.30,29,0
features.30,30,0
features.30,31,0
features.30,32,0
features.30,33,0
features.30,34,0
features.30,35,0
features.30,36,0
features.30,37,0
features.30,38,0
features.30,39,0
features.30,40,0
features.30,41,0
features.30,42,0
features.30,43,0
features.30,44,0
features.30,45,0
features.30,46,0
features.30,47,0
features.30,48,0
features.30,49,0
features.30,50,0
features.30,51,0
features.30,52,0
features.30,53,0
features.30,54,0
features.30,55,0
features.30,56,0
features.30,57,0
features.30,58,0
features.30,59,0
features.30,60,0
features.30,61,0
features.30,62,0
features.30,63,0
features.30,64,0
features.30,65,0
features.30,66,0
features.30,67,0
features.30,68,0
features.30,69,0
features.30,70,0
features.30,71,0
features.30,72,0
features.30,73,0
features.30,74,0
features.30,75,0
features.30,76,0
features.30,77,0
features.30,78,0
features.30,79,0
features.30,80,0
features.30,81,0
features.30,82,0
features.30,83,0
features.30,84,0
features.30,85,0
features.30,86,0
features.30,87,0
features.30,88,0
features.30,89,0
features.30,90,0
features.30,91,0
features.30,92,0
features.30,93,0
features.30,94,0
features.30,95,0
features.30,96,0
features.30,97,0
features.30,98,0
features.30,99,0
features.30,100,0
features.30,101,0
features.30,102,0
features.30,103,0
features.30,104,0
features.30,105,0
features.30,106,0
features.30,107,0
features.30,108,0
features.30,109,0
features.30,110,0
features.30,111,0
features.30,112,0
features.30,113,0
features.30,114,0
features.30,115,0
features.30,116,0
features.30,117,0
features.30,118,0
features.30,119,0
features.30,120,0
features.30,121,0
features.30,122,0
features.30,123,0
features.30,124,0
features.30,125,0
features.30,126,0
features.30,127,0
features.30,128,0
features.30,129,0
features.30,130,0
features.30,131,0
features.30,132,0
features.30,133,0
features.30,134,0
features.30,135,0
features.30,136,0
features.30,137,0
features.30,138,0
features.30,139,0
features.30,140,0
features.30,141,0
features.30,142,0
features.30,143,0
features.30,144,0
features.30,145,0
features.30,146,0
features.30,147,0
features.30,148,0
features.30,149,0
features.30,150,0
features.30,151,0
features.30,152,0
features.30,153,0
features.30,154,0
features.30,155,0
features.30,156,0
features.30,157,0
features.30,158,0
features.30,159,0
features.30,160,0
features.30,161,0
features.30,162,0
features.30,163,0
features.30,164,0
features.30,165,0
features.30,166,0
features.30,167,0
features.30,168,0
features.30,169,0
features.30,170,0
features.30,171,0
features.30,172,0
features.30,173,0
features.30,174,0
features.30,175,0
features.30,176,0
features.30,177,0
features.30,178,0
features.30,179,0
features.30,180,0
features.30,181,0
features.30,182,0
features.30,183,0
features.30,184,0
features.30,185,0
features.30,186,0
features.30,187,0
features.30,188,0
features.30,189,0
features.30,190,0
features.30,191,0
features.30,192,0
features.30,193,0
features.30,194,0
features.30,195,0
features.30,196,0
features.30,197,0
features.30,198,0
features.30,199,0
features.30,200,0
features.30,201,0
features.30,202,0
features.30,203,0
features.30,204,0
features.30,205,0
features.30,206,0
features.30,207,0
features.30,208,0
features.30,209,0
features.30,210,0
features.30,211,0
features.30,212,0
features.30,213,0
features.30,214,0
features.30,215,0
features.30,216,0
features.30,217,0
features.30,218,0
features.30,219,0
features.30,220,0
features.30,221,0
features.30,222,0
features.30,223,0
features.30,224,0
features.30,225,0
features.30,226,0
features.30,227,0
features.30,228,0
features.30,229,0
features.30,230,0
features.30,231,0
features.30,232,0
features.30,233,0
features.30,234,0
features.30,235,0
features.30,236,0
features.30,237,0
features.30,238,0
features.30,239,0
features.30,240,0
features.30,241,0
features.30,242,0
features.30,243,0
features.30,244,0
features.30,245,0
features.30,246,0
features.30,247,0
features.30,248,0
features.30,249,0
features.30,250,0
features.30,251,0
features.30,252,0
features.30,253,0
features.30,254,0
features.30,255,0
features.30,256,0
features.30,257,0
features.30,258,0
features.30,259,0
features.30,260,0
features.30,261,0
features.30,262,0
features.30,263,0
features.30,264,0
features.30,265,0
features.30,266,0
features.30,267,0
features.30,268,0
features.30,269,0
features.30,270,0
features.30,271,0
features.30,272,0
features.30,273,0
features.30,274,0
features.30,275,0
features.30,276,0
features.30,277,0
features.30,278,0
features.30,279,0
features.30,280,0
features.30,281,0
features.30,282,0
features.30,283,0
features.30,284,0
features.30,285,0
features.30,286,0
features.30,287,0
features.30,288,0
features.30,289,0
features.30,290,0
features.30,291,0
features.30,292,0
features.30,293,0
features.30,294,0
features.30,295,0
features.30,296,0
features.30,297,0
features.30,298,0
features.30,299,0
features.30,300,0
features.30,301,0
features.30,302,0
features.30,303,0
features.30,304,0
features.30,305,0
features.30,306,0
features.30,307,0
features.30,308,0
features.30,309,0
features.30,310,0
features.30,311,0
features.30,312,0
features.30,313,0
features.30,314,0
features.30,315,0
features.30,316,0
features.30,317,0
features.30,318,0
features.30,319,0
features.30,320,0
features.30,321,0
features.30,322,0
features.30,323,0
features.30,324,0
features.30,325,0
features.30,326,0
features.30,327,0
features.30,328,0
features.30,329,0
features.30,330,0
features.30,331,0
features.30,332,0
features.30,333,0
features.30,334,0
features.30,335,0
features.30,336,0
features.30,337,0
features.30,338,0
features.30,339,0
features.30,340,0
features.30,341,0
features.30,342,0
features.30,343,0
features.30,344,0
features.30,345,0
features.30,346,0
features.30,347,0
features.30,348,0
features.30,349,0
features.30,350,0
features.30,351,0
features.30,352,0
features.30,353,0
features.30,354,0
features.30,355,0
features.30,356,0
features.30,357,0
features.30,358,0
features.30,359,0
features.30,360,0
features.30,361,0
features.30,362,0
features.30,363,0
features.30,364,0
features.30,365,0
features.30,366,0
features.30,367,0
features.30,368,0
features.30,369,0
features.30,370,0
features.30,371,0
features.30,372,0
features.30,373,0
features.30,374,0
features.30,375,0
features.30,376,0
features.30,377,0
features.30,378,0
features.30,379,0
features.30,380,0
features.30,381,0
features.30,382,0
features.30,383,0
features.30,384,0
features.30,385,0
features.30,386,0
features.30,387,0
features.30,388,0
features.30,389,0
features.30,390,0
features.30,391,0
features.30,392,0
features.30,393,0
features.30,394,0
features.30,395,0
features.30,396,0
features.30,397,0
features.30,398,0
features.30,399,0
features.30,400,0
features.30,401,0
features.30,402,0
features.30,403,0
features.30,404,0
features.30,405,0
features.30,406,0
features.30,407,0
features.30,408,0
features.30,409,0
features.30,410,0
features.30,411,0
features.30,412,0
features.30,413,0
features.30,414,0
features.30,415,0
features.30,416,0
features.30,417,0
features.30,418,0
features.30,419,0
features.30,420,0
features.30,421,0
features.30,422,0
features.30,423,0
features.30,424,0
features.30,425,0
features.30,426,0
features.30,427,0
features.30,428,0
features.30,429,0
features.30,430,0
features.30,431,0
features.30,432,0
features.30,433,0
features.30,434,0
features.30,435,0
features.30,436,0
features.30,437,0
features.30,438,0
features.30,439,0
features.30,440,0
features.30,441,0
features.30,442,0
features.30,443,0
features.30,444,0
features.30,445,0
features.30,446,0
features.30,447,0
features.30,448,0
features.30,449,0
features.30,450,0
features.30,451,0
features.30,452,0
features.30,453,0
features.30,454,0
features.30,455,0
features.30,456,0
features.30,457,0
features.30,458,0
features.30,459,0
features.30,460,0
features.30,461,0
features.30,462,0
features.30,463,0
features.30,464,0
features.30,465,0
features.30,466,0
features.30,467,0
features.30,468,0
features.30,469,0
features.30,470,0
features.30,471,0
features.30,472,0
features.30,473,0
features.30,474,0
features.30,475,0
features.30,476,0
features.30,477,0
features.30,478,0
features.30,479,0
features.30,480,0
features.30,481,0
features.30,482,0
features.30,483,0
features.30,484,0
features.30,485,0
features.30,486,0
features.30,487,0
features.30,488,0
features.30,489,0
features.30,490,0
features.30,491,0
features.30,492,0
features.30,493,0
features.30,494,0
features.30,495,0
features.30,496,0
features.30,497,0
features.30,498,0
features.30,499,0
features.30,500,0
features.30,501,0
features.30,502,0
features.30,503,0
features.30,504,0
features.30,505,0
features.30,506,0
features.30,507,0
features.30,508,0
features.30,509,0
features.30,510,0
features.30,511,0
features.34,0,0
features.34,1,0
features.34,2,0
features.34,3,0
features.34,4,0
features.34,5,0
features.34,6,0
features.34,7,0
features.34,8,0
features.34,9,0
features.34,10,0
features.34,11,0
features.34,12,0
features.34,13,0
features.34,14,0
features.34,15,0
features.34,16,0
features.34,17,0
features.34,18,0
features.34,19,0
features.34,20,0
features.34,21,0
features.34,22,0
features.34,23,0
features.34,24,0
features.34,25,0
features.34,26,0
features.34,27,0
features.34,28,0
features.34,29,0
features.34,30,0
features.34,31,0
features.34,32,0
features.34,33,0
features.34,34,0
features.34,35,0
features.34,36,0
features.34,37,0
features.34,38,0
features.34,39,0
features.34,40,0
features.34,41,0
features.34,42,0
features.34,43,0
features.34,44,0
features.34,45,0
features.34,46,0
features.34,47,0
features.34,48,0
features.34,49,0
features.34,50,0
features.34,51,0
features.34,52,0
features.34,53,0
features.34,54,0
features.34,55,0
features.34,56,0
features.34,57,0
features.34,58,0
features.34,59,0
features.34,60,0
features.34,61,0
features.34,62,0
features.34,63,0
features.34,64,0
features.34,65,0
features.34,66,0
features.34,67,0
features.34,68,0
features.34,69,0
features.34,70,0
features.34,71,0
features.34,72,0
features.34,73,0
features.34,74,0
features.34,75,0
features.34,76,0
features.34,77,0
features.34,78,0
features.34,79,0
features.34,80,0
features.34,81,0
features.34,82,0
features.34,83,0
features.34,84,0
features.34,85,0
features.34,86,0
features.34,87,0
features.34,88,0
features.34,89,0
features.34,90,0
features.34,91,0
features.34,92,0
features.34,93,0
features.34,94,0
features.34,95,0
features.34,96,0
features.34,97,0
features.34,98,0
features.34,99,0
features.34,100,0
features.34,101,0
features.34,102,0
features.34,103,0
features.34,104,0
features.34,105,0
features.34,106,0
features.34,107,0
features.34,108,0
features.34,109,0
features.34,110,0
features.34,111,0
features.34,112,0
features.34,113,0
features.34,114,0
features.34,115,0
features.34,116,0
features.34,117,0
features.34,118,0
features.34,119,0
features.34,120,0
features.34,121,0
features.34,122,0
features.34,123,0
features.34,124,0
features.34,125,0
features.34,126,0
features.34,127,0
features.34,128,0
features.34,129,0
features.34,130,0
features.34,131,0
features.34,132,0
features.34,133,0
features.34,134,0
features.34,135,0
features.34,136,0
features.34,137,0
features.34,138,0
features.34,139,0
features.34,140,0
features.34,141,0
features.34,142,0
features.34,143,0
features.34,144,0
features.34,145,0
features.34,146,0
features.34,147,0
features.34,148,0
features.34,149,0
features.34,150,0
features.34,151,0
features.34,152,0
features.34,153,0
features.34,154,0
features.34,155,0
features.34,156,0
features.34,157,0
features.34,158,0
features.34,159,0
features.34,160,0
features.34,161,0
features.34,162,0
features.34,163,0
features.34,164,0
features.34,165,0
features.34,166,0
features.34,167,0
features.34,168,0
features.34,169,0
features.34,170,0
features.34,171,0
features.34,172,0
features.34,173,0
features.34,174,0
features.34,175,0
features.34,176,0
features.34,177,0
features.34,178,0
features.34,179,0
features.34,180,0
features.34,181,0
features.34,182,0
features.34,183,0
features.34,184,0
features.34,185,0
features.34,186,0
features.34,187,0
features.34,188,0
features.34,189,0
features.34,190,0
features.34,191,0
features.34,192,0
features.34,193,0
features.34,194,0
features.34,195,0
features.34,196,0
features.34,197,0
features.34,198,0
features.34,199,0
features.34,200,0
features.34,201,0
features.34,202,0
features.34,203,0
features.34,204,0
features.34,205,0
features.34,206,0
features.34,207,0
features.34,208,0
features.34,209,0
features.34,210,0
features.34,211,0
features.34,212,0
features.34,213,0
features.34,214,0
features.34,215,0
features.34,216,0
features.34,217,0
features.34,218,0
features.34,219,0
features.34,220,0
features.34,221,0
features.34,222,0
features.34,223,0
features.34,224,0
features.34,225,0
features.34,226,0
features.34,227,0
features.34,228,0
features.34,229,0
features.34,230,0
features.34,231,0
features.34,232,0
features.34,233,0
features.34,234,0
features.34,235,0
features.34,236,0
features.34,237,0
features.34,238,0
features.34,239,0
features.34,240,0
features.34,241,0
features.34,242,0
features.34,243,0
features.34,244,0
features.34,245,0
features.34,246,0
features.34,247,0
features.34,248,0
features.34,249,0
features.34,250,0
features.34,251,0
features.34,252,0
features.34,253,0
features.34,254,0
features.34,255,0
features.34,256,0
features.34,257,0
features.34,258,0
features.34,259,0
features.34,260,0
features.34,261,0
features.34,262,0
features.34,263,0
features.34,264,0
features.34,265,0
features.34,266,0
features.34,267,0
features.34,268,0
features.34,269,0
features.34,270,0
features.34,271,0
features.34,272,0
features.34,273,0
features.34,274,0
features.34,275,0
features.34,276,0
features.34,277,0
features.34,278,0
features.34,279,0
features.34,280,0
features.34,281,0
features.34,282,0
features.34,283,0
features.34,284,0
features.34,285,0
features.34,286,0
features.34,287,0
features.34,288,0
features.34,289,0
features.34,290,0
features.34,291,0
features.34,292,0
features.34,293,0
features.34,294,0
features.34,295,0
features.34,296,0
features.34,297,0
features.34,298,0
features.34,299,0
features.34,300,0
features.34,301,0
features.34,302,0
features.34,303,0
features.34,304,0
features.34,305,0
features.34,306,0
features.34,307,0
features.34,308,0
features.34,309,0
features.34,310,0
features.34,311,0
features.34,312,0
features.34,313,0
features.34,314,0
features.34,315,0
features.34,316,0
features.34,317,0
features.34,318,0
features.34,319,0
features.34,320,0
features.34,321,0
features.34,322,0
features.34,323,0
features.34,324,0
features.34,325,0
features.34,326,0
features.34,327,0
features.34,328,0
features.34,329,0
features.34,330,0
features.34,331,0
features.34,332,0
features.34,333,0
features.34,334,0
features.34,335,0
features.34,336,0
features.34,337,0
features.34,338,0
features.34,339,0
features.34,340,0
features.34,341,0
features.34,342,0
features.34,343,0
features.34,344,0
features.34,345,0
features.34,346,0
features.34,347,0
features.34,348,0
features.34,349,0
features.34,350,0
features.34,351,0
features.34,352,0
features.34,353,0
features.34,354,0
features.34,355,0
features.34,356,0
features.34,357,0
features.34,358,0
features.34,359,0
features.34,360,0
features.34,361,0
features.34,362,0
features.34,363,0
features.34,364,0
features.34,365,0
features.34,366,0
features.34,367,0
features.34,368,0
features.34,369,0
features.34,370,0
features.34,371,0
features.34,372,0
features.34,373,0
features.34,374,0
features.34,375,0
features.34,376,0
features.34,377,0
features.34,378,0
features.34,379,0
features.34,380,0
features.34,381,0
features.34,382,0
features.34,383,0
features.34,384,0
features.34,385,0
features.34,386,0
features.34,387,0
features.34,388,0
features.34,389,0
features.34,390,0
features.34,391,0
features.34,392,0
features.34,393,0
features.34,394,0
features.34,395,0
features.34,396,0
features.34,397,0
features.34,398,0
features.34,399,0
features.34,400,0
features.34,401,0
features.34,402,0
features.34,403,0
features.34,404,0
features.34,405,0
features.34,406,0
features.34,407,0
features.34,408,0
features.34,409,0
features.34,410,0
features.34,411,0
features.34,412,0
features.34,413,0
features.34,414,0
features.34,415,0
features.34,416,0
features.34,417,0
features.34,418,0
features.34,419,0
features.34,420,0
features.34,421,0
features.34,422,0
features.34,423,0
features.34,424,0
features.34,425,0
features.34,426,0
features.34,427,0
features.34,428,0
features.34,429,0
features.34,430,0
features.34,431,0
features.34,432,0
features.34,433,0
features.34,434,0
features.34,435,0
features.34,436,0
features.34,437,0
features.34,438,0
features.34,439,0
features.34,440,0
features.34,441,0
features.34,442,0
features.34,443,0
features.34,444,0
features.34,445,0
features.34,446,0
features.34,447,0
features.34,448,0
features.34,449,0
features.34,450,0
features.34,451,0
features.34,452,0
features.34,453,0
features.34,454,0
features.34,455,0
features.34,456,0
features.34,457,0
features.34,458,0
features.34,459,0
features.34,460,0
features.34,461,0
features.34,462,0
features.34,463,0
features.34,464,0
features.34,465,0
features.34,466,0
features.34,467,0
features.34,468,0
features.34,469,0
features.34,470,0
features.34,471,0
features.34,472,0
features.34,473,0
features.34,474,0
features.34,475,0
features.34,476,0
features.34,477,0
features.34,478,0
features.34,479,0
features.34,480,0
features.34,481,0
features.34,482,0
features.34,483,0
features.34,484,0
features.34,485,0
features.34,486,0
features.34,487,0
features.34,488,0
features.34,489,0
features.34,490,0
features.34,491,0
features.34,492,0
features.34,493,0
features.34,494,0
features.34,495,0
features.34,496,0
features.34,497,0
features.34,498,0
features.34,499,0
features.34,500,0
features.34,501,0
features.34,502,0
features.34,503,0
features.34,504,0
features.34,505,0
features.34,506,0
features.34,507,0
features.34,508,0
features.34,509,0
features.34,510,0
features.34,511,0
features.37,0,0
features.37,1,0
features.37,2,0
features.37,3,0
features.37,4,0
features.37,5,0
features.37,6,0
features.37,7,0
features.37,8,0
features.37,9,0
features.37,10,0
features.37,11,0
features.37,12,0
features.37,13,0
features.37,14,0
features.37,15,0
features.37,16,0
features.37,17,0
features.37,18,0
features.37,19,0
features.37,20,0
features.37,21,0
features.37,22,0
features.37,23,0
features.37,24,0
features.37,25,0
features.37,26,0
features.37,27,0
features.37,28,0
features.37,29,0
features.37,30,0
features.37,31,0
features.37,32,0
features.37,33,0
features.37,34,0
features.37,35,0
features.37,36,0
features.37,37,0
features.37,38,0
features.37,39,0
features.37,40,0
features.37,41,0
features.37,42,0
features.37,43,0
features.37,44,0
features.37,45,0
features.37,46,0
features.37,47,0
features.37,48,0
features.37,49,0
features.37,50,0
features.37,51,0
features.37,52,0
features.37,53,0
features.37,54,0
features.37,55,0
features.37,56,0
features.37,57,0
features.37,58,0
features.37,59,0
features.37,60,0
features.37,61,0
features.37,62,0
features.37,63,0
features.37,64,0
features.37,65,0
features.37,66,0
features.37,67,0
features.37,68,0
features.37,69,0
features.37,70,0
features.37,71,0
features.37,72,0
features.37,73,0
features.37,74,0
features.37,75,0
features.37,76,0
features.37,77,0
features.37,78,0
features.37,79,0
features.37,80,0
features.37,81,0
features.37,82,0
features.37,83,0
features.37,84,0
features.37,85,0
features.37,86,0
features.37,87,0
features.37,88,0
features.37,89,0
features.37,90,0
features.37,91,0
features.37,92,0
features.37,93,0
features.37,94,0
features.37,95,0
features.37,96,0
features.37,97,0
features.37,98,0
features.37,99,0
features.37,100,0
features.37,101,0
features.37,102,0
features.37,103,0
features.37,104,0
features.37,105,0
features.37,106,0
features.37,107,0
features.37,108,0
features.37,109,0
features.37,110,0
features.37,111,0
features.37,112,0
features.37,113,0
features.37,114,0
features.37,115,0
features.37,116,0
features.37,117,0
features.37,118,0
features.37,119,0
features.37,120,0
features.37,121,0
features.37,122,0
features.37,123,0
features.37,124,0
features.37,125,0
features.37,126,0
features.37,127,0
features.37,128,0
features.37,129,0
features.37,130,0
features.37,131,0
features.37,132,0
features.37,133,0
features.37,134,0
features.37,135,0
features.37,136,0
features.37,137,0
features.37,138,0
features.37,139,0
features.37,140,0
features.37,141,0
features.37,142,0
features.37,143,0
features.37,144,0
features.37,145,0
features.37,146,0
features.37,147,0
features.37,148,0
features.37,149,0
features.37,150,0
features.37,151,0
features.37,152,0
features.37,153,0
features.37,154,0
features.37,155,0
features.37,156,0
features.37,157,0
features.37,158,0
features.37,159,0
features.37,160,0
features.37,161,0
features.37,162,0
features.37,163,0
features.37,164,0
features.37,165,0
features.37,166,0
features.37,167,0
features.37,168,0
features.37,169,0
features.37,170,0
features.37,171,0
features.37,172,0
features.37,173,0
features.37,174,0
features.37,175,0
features.37,176,0
features.37,177,0
features.37,178,0
features.37,179,0
features.37,180,0
features.37,181,0
features.37,182,0
features.37,183,0
features.37,184,0
features.37,185,0
features.37,186,0
features.37,187,0
features.37,188,0
features.37,189,0
features.37,190,0
features.37,191,0
features.37,192,0
features.37,193,0
features.37,194,0
features.37,195,0
features.37,196,0
features.37,197,0
features.37,198,0
features.37,199,0
features.37,200,0
features.37,201,0
features.37,202,0
features.37,203,0
features.37,204,0
features.37,205,0
features.37,206,0
features.37,207,0
features.37,208,0
features.37,209,0
features.37,210,0
features.37,211,0
features.37,212,0
features.37,213,0
features.37,214,0
features.37,215,0
features.37,216,0
features.37,217,0
features.37,218,0
features.37,219,0
features.37,220,0
features.37,221,0
features.37,222,0
features.37,223,0
features.37,224,0
features.37,225,0
features.37,226,0
features.37,227,0
features.37,228,0
features.37,229,0
features.37,230,0
features.37,231,0
features.37,232,0
features.37,233,0
features.37,234,0
features.37,235,0
features.37,236,0
features.37,237,0
features.37,238,0
features.37,239,0
features.37,240,0
features.37,241,0
features.37,242,0
features.37,243,0
features.37,244,0
features.37,245,0
features.37,246,0
features.37,247,0
features.37,248,0
features.37,249,0
features.37,250,0
features.37,251,0
features.37,252,0
features.37,253,0
features.37,254,0
features.37,255,0
features.37,256,0
features.37,257,0
features.37,258,0
features.37,259,0
features.37,260,0
features.37,261,0
features.37,262,0
features.37,263,0
features.37,264,0
features.37,265,0
features.37,266,0
features.37,267,0
features.37,268,0
features.37,269,0
features.37,270,0
features.37,271,0
features.37,272,0
features.37,273,0
features.37,274,0
features.37,275,0
features.37,276,0
features.37,277,0
features.37,278,0
features.37,279,0
features.37,280,0
features.37,281,0
features.37,282,0
features.37,283,0
features.37,284,0
features.37,285,0
features.37,286,0
features.37,287,0
features.37,288,0
features.37,289,0
features.37,290,0
features.37,291,0
features.37,292,0
features.37,293,0
features.37,294,0
features.37,295,0
features.37,296,0
features.37,297,0
features.37,298,0
features.37,299,0
features.37,300,0
features.37,301,0
features.37,302,0
features.37,303,0
features.37,304,0
features.37,305,0
features.37,306,0
features.37,307,0
features.37,308,0
features.37,309,0
features.37,310,0
features.37,311,0
features.37,312,0
features.37,313,0
features.37,314,0
features.37,315,0
features.37,316,0
features.37,317,0
features.37,318,0
features.37,319,0
features.37,320,0
features.37,321,0
features.37,322,0
features.37,323,0
features.37,324,0
features.37,325,0
features.37,326,0
features.37,327,0
features.37,328,0
features.37,329,0
features.37,330,0
features.37,331,0
features.37,332,0
features.37,333,0
features.37,334,0
features.37,335,0
features.37,336,0
features.37,337,0
features.37,338,0
features.37,339,0
features.37,340,0
features.37,341,0
features.37,342,0
features.37,343,0
features.37,344,0
features.37,345,0
features.37,346,0
features.37,347,0
features.37,348,0
features.37,349,0
features.37,350,0
features.37,351,0
features.37,352,0
features.37,353,0
features.37,354,0
features.37,355,0
features.37,356,0
features.37,357,0
features.37,358,0
features.37,359,0
features.37,360,0
features.37,361,0
features.37,362,0
features.37,363,0
features.37,364,0
features.37,365,0
features.37,366,0
features.37,367,0
features.37,368,0
features.37,369,0
features.37,370,0
features.37,371,0
features.37,372,0
features.37,373,0
features.37,374,0
features.37,375,0
features.37,376,0
features.37,377,0
features.37,378,0
features.37,379,0
features.37,380,0
features.37,381,0
features.37,382,0
features.37,383,0
features.37,384,0
features.37,385,0
features.37,386,0
features.37,387,0
features.37,388,0
features.37,389,0
features.37,390,0
features.37,391,0
features.37,392,0
features.37,393,0
features.37,394,0
features.37,395,0
features.37,396,0
features.37,397,0
features.37,398,0
features.37,399,0
features.37,400,0
features.37,401,0
features.37,402,0
features.37,403,0
features.37,404,0
features.37,405,0
features.37,406,0
features.37,407,0
features.37,408,0
features.37,409,0
features.37,410,0
features.37,411,0
features.37,412,0
features.37,413,0
features.37,414,0
features.37,415,0
features.37,416,0
features.37,417,0
features.37,418,0
features.37,419,0
features.37,420,0
features.37,421,0
features.37,422,0
features.37,423,0
features.37,424,0
features.37,425,0
features.37,426,0
features.37,427,0
features.37,428,0
features.37,429,0
features.37,430,0
features.37,431,0
features.37,432,0
features.37,433,0
features.37,434,0
features.37,435,0
features.37,436,0
features.37,437,0
features.37,438,0
features.37,439,0
features.37,440,0
features.37,441,0
features.37,442,0
features.37,443,0
features.37,444,0
features.37,445,0
features.37,446,0
features.37,447,0
features.37,448,0
features.37,449,0
features.37,450,0
features.37,451,0
features.37,452,0
features.37,453,0
features.37,454,0
features.37,455,0
features.37,456,0
features.37,457,0
features.37,458,0
features.37,459,0
features.37,460,0
features.37,461,0
features.37,462,0
features.37,463,0
features.37,464,0
features.37,465,0
features.37,466,0
features.37,467,0
features.37,468,0
features.37,469,0
features.37,470,0
features.37,471,0
features.37,472,0
features.37,473,0
features.37,474,0
features.37,475,0
features.37,476,0
features.37,477,0
features.37,478,0
features.37,479,0
features.37,480,0
features.37,481,0
features.37,482,0
features.37,483,0
features.37,484,0
features.37,485,0
features.37,486,0
features.37,487,0
features.37,488,0
features.37,489,0
features.37,490,0
features.37,491,0
features.37,492,0
features.37,493,0
features.37,494,0
features.37,495,0
features.37,496,0
features.37,497,0
features.37,498,0
features.37,499,0
features.37,500,0
features.37,501,0
features.37,502,0
features.37,503,0
features.37,504,0
features.37,505,0
features.37,506,0
features.37,507,0
features.37,508,0
features.37,509,0
features.37,510,0
features.37,511,0
features.40,0,0
features.40,1,0
features.40,2,0
features.40,3,0
features.40,4,0
features.40,5,0
features.40,6,0
features.40,7,0
features.40,8,0
features.40,9,0
features.40,10,0
features.40,11,0
features.40,12,0
features.40,13,0
features.40,14,0
features.40,15,0
features.40,16,0
features.40,17,0
features.40,18,0
features.40,19,0
features.40,20,0
features.40,21,0
features.40,22,0
features.40,23,0
features.40,24,0
features.40,25,0
features.40,26,0
features.40,27,0
features.40,28,0
features.40,29,0
features.40,30,0
features.40,31,0
features.40,32,0
features.40,33,0
features.40,34,0
features.40,35,0
features.40,36,0
features.40,37,0
features.40,38,0
features.40,39,0
features.40,40,0
features.40,41,0
features.40,42,0
features.40,43,0
features.40,44,0
features.40,45,0
features.40,46,0
features.40,47,0
features.40,48,0
features.40,49,0
features.40,50,0
features.40,51,0
features.40,52,0
features.40,53,0
features.40,54,0
features.40,55,0
features.40,56,0
features.40,57,0
features.40,58,0
features.40,59,0
features.40,60,0
features.40,61,0
features.40,62,0
features.40,63,0
features.40,64,0
features.40,65,0
features.40,66,0
features.40,67,0
features.40,68,0
features.40,69,0
features.40,70,0
features.40,71,0
features.40,72,0
features.40,73,0
features.40,74,0
features.40,75,0
features.40,76,0
features.40,77,0
features.40,78,0
features.40,79,0
features.40,80,0
features.40,81,0
features.40,82,0
features.40,83,0
features.40,84,0
features.40,85,0
features.40,86,0
features.40,87,0
features.40,88,0
features.40,89,0
features.40,90,0
features.40,91,0
features.40,92,0
features.40,93,0
features.40,94,0
features.40,95,0
features.40,96,0
features.40,97,0
features.40,98,0
features.40,99,0
features.40,100,0
features.40,101,0
features.40,102,0
features.40,103,0
features.40,104,0
features.40,105,0
features.40,106,0
features.40,107,0
features.40,108,0
features.40,109,0
features.40,110,0
features.40,111,0
features.40,112,0
features.40,113,0
features.40,114,0
features.40,115,0
features.40,116,0
features.40,117,0
features.40,118,0
features.40,119,0
features.40,120,0
features.40,121,0
features.40,122,0
features.40,123,0
features.40,124,0
features.40,125,0
features.40,126,0
features.40,127,0
features.40,128,0
features.40,129,0
features.40,130,0
features.40,131,0
features.40,132,0
features.40,133,0
features.40,134,0
features.40,135,0
features.40,136,0
features.40,137,0
features.40,138,0
features.40,139,0
features.40,140,0
features.40,141,0
features.40,142,0
features.40,143,0
features.40,144,0
features.40,145,0
features.40,146,0
features.40,147,0
features.40,148,0
features.40,149,0
features.40,150,0
features.40,151,0
features.40,152,0
features.40,153,0
features.40,154,0
features.40,155,0
features.40,156,0
features.40,157,0
features.40,158,0
features.40,159,0
features.40,160,0
features.40,161,0
features.40,162,0
features.40,163,0
features.40,164,0
features.40,165,0
features.40,166,0
features.40,167,0
features.40,168,0
features.40,169,0
features.40,170,0
features.40,171,0
features.40,172,0
features.40,173,0
features.40,174,0
features.40,175,0
features.40,176,0
features.40,177,0
features.40,178,0
features.40,179,0
features.40,180,0
features.40,181,0
features.40,182,0
features.40,183,0
features.40,184,0
features.40,185,0
features.40,186,0
features.40,187,0
features.40,188,0
features.40,189,0
features.40,190,0
features.40,191,0
features.40,192,0
features.40,193,0
features.40,194,0
features.40,195,0
features.40,196,0
features.40,197,0
features.40,198,0
features.40,199,0
features.40,200,0
features.40,201,0
features.40,202,0
features.40,203,0
features.40,204,0
features.40,205,0
features.40,206,0
features.40,207,0
features.40,208,0
features.40,209,0
features.40,210,0
features.40,211,0
features.40,212,0
features.40,213,0
features.40,214,0
features.40,215,0
features.40,216,0
features.40,217,0
features.40,218,0
features.40,219,0
features.40,220,0
features.40,221,0
features.40,222,0
features.40,223,0
features.40,224,0
features.40,225,0
features.40,226,0
features.40,227,0
features.40,228,0
features.40,229,0
features.40,230,0
features.40,231,0
features.40,232,0
features.40,233,0
features.40,234,0
features.40,235,0
features.40,236,0
features.40,237,0
features.40,238,0
features.40,239,0
features.40,240,0
features.40,241,0
features.40,242,0
features.40,243,0
features.40,244,0
features.40,245,0
features.40,246,0
features.40,247,0
features.40,248,0
features.40,249,0
features.40,250,0
features.40,251,0
features.40,252,0
features.40,253,0
features.40,254,0
features.40,255,0
features.40,256,0
features.40,257,0
features.40,258,0
features.40,259,0
features.40,260,0
features.40,261,0
features.40,262,0
features.40,263,0
features.40,264,0
features.40,265,0
features.40,266,0
features.40,267,0
features.40,268,0
features.40,269,0
features.40,270,0
features.40,271,0
features.40,272,0
features.40,273,0
features.40,274,0
features.40,275,0
features.40,276,0
features.40,277,0
features.40,278,0
features.40,279,0
features.40,280,0
features.40,281,0
features.40,282,0
features.40,283,0
features.40,284,0
features.40,285,0
features.40,286,0
features.40,287,0
features.40,288,0
features.40,289,0
features.40,290,0
features.40,291,0
features.40,292,0
features.40,293,0
features.40,294,0
features.40,295,0
features.40,296,0
features.40,297,0
features.40,298,0
features.40,299,0
features.40,300,0
features.40,301,0
features.40,302,0
features.40,303,0
features.40,304,0
features.40,305,0
features.40,306,0
features.40,307,0
features.40,308,0
features.40,309,0
features.40,310,0
features.40,311,0
features.40,312,0
features.40,313,0
features.40,314,0
features.40,315,0
features.40,316,0
features.40,317,0
features.40,318,0
features.40,319,0
features.40,320,0
features.40,321,0
features.40,322,0
features.40,323,0
features.40,324,0
features.40,325,0
features.40,326,0
features.40,327,0
features.40,328,0
features.40,329,0
features.40,330,0
features.40,331,0
features.40,332,0
features.40,333,0
features.40,334,0
features.40,335,0
features.40,336,0
features.40,337,0
features.40,338,0
features.40,339,0
features.40,340,0
features.40,341,0
features.40,342,0
features.40,343,0
features.40,344,0
features.40,345,0
features.40,346,0
features.40,347,0
features.40,348,0
features.40,349,0
features.40,350,0
features.40,351,0
features.40,352,0
features.40,353,0
features.40,354,0
features.40,355,0
features.40,356,0
features.40,357,0
features.40,358,0
features.40,359,0
features.40,360,0
features.40,361,0
features.40,362,0
features.40,363,0
features.40,364,0
features.40,365,0
features.40,366,0
features.40,367,0
features.40,368,0
features.40,369,0
features.40,370,0
features.40,371,0
features.40,372,0
features.40,373,0
features.40,374,0
features.40,375,0
features.40,376,0
features.40,377,0
features.40,378,0
features.40,379,0
features.40,380,0
features.40,381,0
features.40,382,0
features.40,383,0
features.40,384,0
features.40,385,0
features.40,386,0
features.40,387,0
features.40,388,0
features.40,389,0
features.40,390,0
features.40,391,0
features.40,392,0
features.40,393,0
features.40,394,0
features.40,395,0
features.40,396,0
features.40,397,0
features.40,398,0
features.40,399,0
features.40,400,0
features.40,401,0
features.40,402,0
features.40,403,0
features.40,404,0
features.40,405,0
features.40,406,0
features.40,407,0
features.40,408,0
features.40,409,0
features.40,410,0
features.40,411,0
features.40,412,0
features.40,413,0
features.40,414,0
features.40,415,0
features.40,416,0
features.40,417,0
features.40,418,0
features.40,419,0
features.40,420,0
features.40,421,0
features.40,422,0
features.40,423,0
features.40,424,0
features.40,425,0
features.40,426,0
features.40,427,0
features.40,428,0
features.40,429,0
features.40,430,0
features.40,431,0
features.40,432,0
features.40,433,0
features.40,434,0
features.40,435,0
features.40,436,0
features.40,437,0
features.40,438,0
features.40,439,0
features.40,440,0
features.40,441,0
features.40,442,0
features.40,443,0
features.40,444,0
features.40,445,0
features.40,446,0
features.40,447,0
features.40,448,0
features.40,449,0
features.40,450,0
features.40,451,0
features.40,452,0
features.40,453,0
features.40,454,0
features.40,455,0
features.40,456,0
features.40,457,0
features.40,458,0
features.40,459,0
features.40,460,0
features.40,461,0
features.40,462,0
features.40,463,0
features.40,464,0
features.40,465,0
features.40,466,0
features.40,467,0
features.40,468,0
features.40,469,0
features.40,470,0
features.40,471,0
features.40,472,0
features.40,473,0
features.40,474,0
features.40,475,0
features.40,476,0
features.40,477,0
features.40,478,0
features.40,479,0
features.40,480,0
features.40,481,0
features.40,482,0
features.40,483,0
features.40,484,0
features.40,485,0
features.40,486,0
features.40,487,0
features.40,488,0
features.40,489,0
features.40,490,0
features.40,491,0
features.40,492,0
features.40,493,0
features.40,494,0
features.40,495,0
features.40,496,0
features.40,497,0
features.40,498,0
features.40,499,0
features.40,500,0
features.40,501,0
features.40,502,0
features.40,503,0
features.40,504,0
features.40,505,0
features.40,506,0
features.40,507,0
features.40,508,0
features.40,509,0
features.40,510,0
features.40,511,0
